ccc7a380-9fbc-4a0a-9de9-b4941fca5966	1	2026-08-20 17:43:44
182d98eb-9c32-4ffb-996e-21d3b088cfcc	1	2026-08-20 17:46:53
df0b4da1-491c-47c0-add8-cb08bda63c04	1	2026-08-20 17:50:03
6a5fc276-49a2-4547-a0cd-700a45504adc	1	2026-08-20 17:50:04
d5b2eee0-2170-4b12-b454-0d2dbe6cbca9	1	2026-08-20 17:50:04
5e2223ef-80a7-48a0-9609-a3221a8170fa	1	2026-08-20 17:50:05
4a871b7c-c96e-49ae-bd98-b40d33d63edd	1	2026-08-20 18:01:27
c156dd0e-19bd-495c-af7b-bfb86333b5c4	1	2026-08-20 18:01:29
e4fd1fe7-bb26-4e5d-9e91-bf1278aec141	1	2026-08-20 18:01:29
172c4dfc-915d-483a-8788-9027152eee71	1	2026-08-20 18:01:30
02505bf7-7086-47ed-b026-f1bc93b03662	1	2026-08-20 18:44:26
28f40153-e456-4af5-94d3-dcd361c97025	1	2026-08-20 18:46:28
b38a397c-abb7-4acf-a0c1-2f5316526cda	1	2026-08-20 18:46:28
42cacfc1-cbe6-4db6-8842-cb1ad2780140	1	2026-08-20 18:50:50
d64bd645-a4b7-434b-8db9-59231e80f257	1	2026-08-20 18:50:50
d864fad7-8d24-457f-86c2-7c9d8b9df312	1	2026-08-20 18:51:38
bc9a5a63-6392-4eab-82bd-7f17528c2db4	1	2026-08-20 18:51:39
d9a3ca6e-c281-47fc-ace7-53db7f4654b7	1	2026-08-20 18:55:26
2becaa66-2b8f-483d-954f-2e51f9590551	1	2026-08-20 18:55:27
1fd78555-0e10-4d3f-a6a5-b5bd3ad7508a	1	2026-08-20 18:55:38
a7bd040f-256a-42bc-862b-28ca76ec1d7e	1	2026-08-20 18:55:39
fa787bfd-8b54-4cab-b971-b7ff50d0e819	1	2026-08-20 18:56:53
33719406-0cd1-4823-9d0d-6796383245ca	1	2026-08-20 18:56:54
57a28878-ee37-4044-90f2-2958895da892	1	2026-08-20 18:56:54
5df18799-2bd6-49a3-a30d-f54d59982080	1	2026-08-20 18:56:55
032a7ed4-4a08-4e52-9fdc-3e981376ec84	1	2026-08-20 19:39:57
591c8d8d-7a67-457f-b4ee-49329e9a61fd	1	2026-08-20 19:46:30
1614bc8c-e72b-4db8-a1df-8ae2193b29b3	1	2026-08-20 19:49:08
3d3fc70c-cdd3-416b-8dd0-2aeff78e1495	1	2026-08-20 19:54:43
a59b8285-c637-4be2-8372-d23955f3a100	1	2026-08-20 19:59:43
d6c7e2cb-e6b9-43c1-b289-1c8d7d1ccab5	1	2026-08-20 20:01:07
57ba6736-aeff-4633-a3cb-d990542af3fa	1	2026-08-21 09:46:53
2e567b75-fe98-4f3c-bf8d-410757e722ab	1	2026-08-21 09:47:40
c8367111-573b-404f-96c2-22919684d6ec	1	2026-08-21 09:49:06
027ec3f2-016c-4b4c-8211-c540e0815440	1	2026-08-21 09:50:47
mcase-afd7f4e5f697d768752d4a695fb879021e49110c6c55f2280a3b6f281e4974b4	1	2026-08-26 16:58:45
b7c1ec6b-fb8a-5c94-888a-11b0d51efc39	1	2026-08-26 17:11:19
71f78642-66ed-5f04-8ad0-d76de70dd8e2	1	2026-08-26 17:54:57
7afc40a6-9051-5610-bcca-be85f8fa0c7d	1	2026-08-26 17:55:16
c62dd97b-e129-5b12-81d3-ff2238b4e580	1	2026-08-26 17:57:53
d3aafad1-940c-51e0-83cf-cedd31ae1cd1	1	2026-08-26 18:07:45
57d7df8d-36f1-5e69-af13-bdcd0add5c82	1	2026-08-26 18:09:17
4f29f140-9a52-5547-951d-1c7da9235363	1	2026-08-26 18:10:07
26dee085-12fe-5ecd-8d0f-218971f87777	1	2026-08-26 18:11:10
f0847706-7766-54fa-8c75-b309449b9cf7	1	2026-08-26 18:12:22
f84fbac7-d2f8-535f-9d85-9f0d68705cee	1	2026-08-26 18:28:07
4db36df0-807e-55bb-8d76-8514ba8383b2	1	2026-08-26 18:28:47
fc7ef842-371f-5de9-bed1-030b74e7326a	1	2026-08-26 18:35:15
44971c22-ed45-5073-b19f-ef755b3e1b00	1	2026-08-27 10:19:29
4aa389b0-de96-5b95-a77c-a76505090f6e	1	2026-08-27 10:19:29
b06cf6d0-1df2-558c-90fa-d549c203f3ca	1	2026-08-27 10:30:35
0c22c724-50a7-5c20-aff2-b5af96be5533	1	2026-08-27 10:41:30
0385f051-d28a-5a16-9434-8fb182d8afa3	1	2026-08-27 10:42:01
f34b57b5-28f3-506c-9a86-6eb52bb54e4a	1	2026-08-27 10:52:20
785cc433-e839-565a-a017-548881a058a9	1	2026-08-27 11:52:55
368d8873-1943-5823-a5a4-cc50215eba66	1	2026-08-27 12:14:25
9b0b172d-3635-537f-a6ac-3e9801465fa0	1	2026-08-27 12:29:35
890076b9-b352-5537-a097-6d2c84b8de77	1	2026-08-27 12:47:29
e9e5a994-2e70-54fb-b703-435a2de03b95	1	2026-08-27 12:53:32
f36ea2b6-698a-5a70-b7af-df7da7060ef0	1	2026-08-27 13:14:15
0754131a-1209-5a87-a9f1-7c488eb066d6	1	2026-08-27 13:28:02
071e50bb-acfe-5f6f-a5de-39a010cfd4bf	1	2026-08-27 13:42:42
7b29c7fd-cab8-5a3e-93c0-ee6e385a2514	1	2026-08-27 15:28:46
185b2897-dcdc-520d-9626-812a2ff95c75	1	2026-08-27 16:17:02
353598c3-3506-5948-8243-55c47d2384be	1	2026-08-27 16:44:35
bfa1cf4c-8b25-53a9-9310-a964ec5a9f71	1	2026-08-27 19:19:12
0416ff64-ae09-5b3a-b369-0a240960cddd	1	2026-08-27 19:19:58
34e5dcdd-77c4-5b94-8526-936ebd1c7430	1	2026-08-27 19:22:18
8285bdb6-e720-5b52-a5a1-7c41ae611fb8	1	2026-08-27 19:41:46
148ccc65-a166-50f3-bdea-302102dd427b	1	2026-08-27 19:47:27
ad546650-b39a-5eac-b9bd-7648f9439ad6	1	2026-08-28 10:51:16
bf4e06c3-62a8-5a07-bf69-0fa351739326	1	2026-08-28 11:49:43
05be3d16-d53f-50e2-9d17-3006e406f074	1	2026-08-28 11:51:03
4a128422-e3f0-5ed7-b5f0-976f7aaae88d	1	2026-08-28 11:51:03
8872edd9-88d2-5c84-a857-609d4a0818c5	1	2026-08-28 11:51:03
8d7936b0-ec8b-59bf-b97c-5650c90bd300	1	2026-08-28 11:51:03
c1037f3a-3041-590c-acf8-282676d26e39	1	2026-08-28 11:51:03
19c9ed81-7788-5fad-9ad4-fa037f0862c7	1	2026-08-28 12:36:39
1d2c6cec-525d-559f-9920-b41dddb50011	1	2026-08-28 12:43:26
